country,continent,year,lifeExp,pop,gdpPercap
Argentina,Americas,1962-01-01,64.43,21153042,5711.17934
Argentina,Americas,1967-01-01,64.91,22828872,6255.18402
Argentina,Americas,1972-01-01,66.19,24653172,7368.50577
Argentina,Americas,1977-01-01,68.41,26661397,7743.58231
Argentina,Americas,1982-01-01,70.77,28794550,7210.34702
Argentina,Americas,1987-01-01,71.99,31184411,7294.06426
Argentina,Americas,1992-01-01,72.59,33529320,7157.32831
Argentina,Americas,1997-01-01,73.48,35657438,8543.02853
Argentina,Americas,2002-01-01,74.21,37681743,6854.29408
Argentina,Americas,2007-01-01,75.11,39684303,9901.51188
Argentina,Americas,2012-01-01,76.01,41755188,10649.83729
Argentina,Americas,2017-01-01,76.66,43937143,10404.26351
Australia,Oceania,1962-01-01,71.15,10643420,19245.62026
Australia,Oceania,1967-01-01,71.34,11899644,22964.70014
Australia,Oceania,1972-01-01,71.63,13244163,26794.02202
Australia,Oceania,1977-01-01,73.28,14092545,28625.19424
Australia,Oceania,1982-01-01,74.85,14979203,30912.22222
Australia,Oceania,1987-01-01,76.04,16183159,33126.79271
Australia,Oceania,1992-01-01,77.44,17402179,35034.53266
Australia,Oceania,1997-01-01,78.63,18387205,40153.61225
Australia,Oceania,2002-01-01,80.15,19401366,45806.69447
Australia,Oceania,2007-01-01,81.4,20916339,51024.24113
Australia,Oceania,2012-01-01,82.48,22903951,53682.04722
Australia,Oceania,2017-01-01,82.39,24584619,56095.18632
Austria,Europe,1962-01-01,69.75,7156836,13953.9502
Austria,Europe,1967-01-01,70.37,7397168,16783.88992
Austria,Europe,1972-01-01,70.72,7581120,21628.9664
Austria,Europe,1977-01-01,72.26,7636573,25736.55155
Austria,Europe,1982-01-01,73.28,7602177,28018.54125
Austria,Europe,1987-01-01,74.96,7639351,30677.5444
Austria,Europe,1992-01-01,76.08,7830938,35045.84476
Austria,Europe,1997-01-01,77.58,8032873,38084.7025
Austria,Europe,2002-01-01,78.92,8134403,42859.32994
Austria,Europe,2007-01-01,80.22,8313731,47510.29379
Austria,Europe,2012-01-01,81.02,8502230,48172.23812
Austria,Europe,2017-01-01,81.77,8819902,49112.73289
Burundi,Africa,1962-01-01,43.25,2907320,193.19188
Burundi,Africa,1967-01-01,44.79,3253215,236.53568
Burundi,Africa,1972-01-01,18.51,3569655,247.104
Burundi,Africa,1977-01-01,46.27,3854446,294.22534
Burundi,Africa,1982-01-01,47.62,4379727,292.27781
Burundi,Africa,1987-01-01,48.6,5027143,322.08626
Burundi,Africa,1992-01-01,48.35,5685569,332.76588
Burundi,Africa,1997-01-01,43.64,6122130,232.30548
Burundi,Africa,2002-01-01,46.63,6704118,232.4665
Burundi,Africa,2007-01-01,54.94,7862226,225.85909
Burundi,Africa,2012-01-01,59.31,9245992,238.81605
Burundi,Africa,2017-01-01,61.55,10827010,214.13925
Belgium,Europe,1962-01-01,70.3,9283545,14276.53873
Belgium,Europe,1967-01-01,71,9529046,17015.6626
Belgium,Europe,1972-01-01,71.42,9692845,21563.87078
Belgium,Europe,1977-01-01,72.71,9816693,24697.30017
Belgium,Europe,1982-01-01,73.74,9889819,27162.53261
Belgium,Europe,1987-01-01,75.24,9942281,29522.57888
Belgium,Europe,1992-01-01,76.36,10078098,33518.23129
Belgium,Europe,1997-01-01,77.4,10223785,36403.25077
Belgium,Europe,2002-01-01,78.27,10364879,40385.86895
Belgium,Europe,2007-01-01,79.58,10697576,44710.38502
Belgium,Europe,2012-01-01,80.26,11085355,44361.20847
Belgium,Europe,2017-01-01,81.38,11419752,46637.51089
Benin,Africa,1962-01-01,42,2502897,688.94621
Benin,Africa,1967-01-01,44.99,2735308,776.20634
Benin,Africa,1972-01-01,47.96,3043563,797.64718
Benin,Africa,1977-01-01,50.05,3433445,763.2764
Benin,Africa,1982-01-01,52.23,3927717,863.95755
Benin,Africa,1987-01-01,54.51,4535262,835.91399
Benin,Africa,1992-01-01,55.96,5331805,835.26111
Benin,Africa,1997-01-01,57.05,6281644,895.44403
Benin,Africa,2002-01-01,58.11,7295400,985.21335
Benin,Africa,2007-01-01,59.98,8454790,1029.03226
Benin,Africa,2012-01-01,62.17,9729254,1057.66774
Benin,Africa,2017-01-01,64.63,11175192,1166.76057
Burkina Faso,Africa,1962-01-01,39.88,4960328,288.88545
Burkina Faso,Africa,1967-01-01,42.83,5343025,307.47459
Burkina Faso,Africa,1972-01-01,45.17,5825174,308.07844
Burkina Faso,Africa,1977-01-01,46.92,6398933,342.28569
Burkina Faso,Africa,1982-01-01,49.1,7158259,382.02342
Burkina Faso,Africa,1987-01-01,50.47,8140080,386.98167
Burkina Faso,Africa,1992-01-01,50.59,9297110,397.89271
Burkina Faso,Africa,1997-01-01,50.81,10665552,453.63654
Burkina Faso,Africa,2002-01-01,53.36,12293097,514.18987
Burkina Faso,Africa,2007-01-01,56.53,14252029,600.45611
Burkina Faso,Africa,2012-01-01,59.2,16571252,692.44504
Burkina Faso,Africa,2017-01-01,61.68,19193236,771.25192
Bangladesh,Asia,1962-01-01,44.95,50752150,393.63345
Bangladesh,Asia,1967-01-01,45.98,59034250,382.20766
Bangladesh,Asia,1972-01-01,52.2,66625706,322.33441
Bangladesh,Asia,1977-01-01,52.97,73463593,344.43557
Bangladesh,Asia,1982-01-01,54.52,83932132,373.55135
Bangladesh,Asia,1987-01-01,56.88,95671159,398.58813
Bangladesh,Asia,1992-01-01,60.15,107983708,428.66102
Bangladesh,Asia,1997-01-01,63.71,120160571,481.12245
Bangladesh,Asia,2002-01-01,66.51,132478077,551.90305
Bangladesh,Asia,2007-01-01,68.07,142660381,687.32309
Bangladesh,Asia,2012-01-01,71.08,151005733,865.74989
Bangladesh,Asia,2017-01-01,73.12,159685421,1127.27177
Bahamas,Americas,1962-01-01,63.04,121092,19608.7393
Bahamas,Americas,1967-01-01,64.54,152621,25081.9423
Bahamas,Americas,1972-01-01,66.24,177863,23530.94659
Bahamas,Americas,1977-01-01,67.91,197100,18599.81512
Bahamas,Americas,1982-01-01,69.16,220182,24734.32991
Bahamas,Americas,1987-01-01,70.17,243265,29099.69578
Bahamas,Americas,1992-01-01,71.24,266028,26348.84556
Bahamas,Americas,1997-01-01,71.31,287363,28022.67923
Bahamas,Americas,2002-01-01,72.4,307657,32236.44879
Bahamas,Americas,2007-01-01,73.51,337387,31485.49374
Bahamas,Americas,2012-01-01,73.43,363581,28799.92141
Bahamas,Americas,2017-01-01,73.73,381749,27113.67537
Belize,Americas,1962-01-01,62.11,97392,1122.70719
Belize,Americas,1967-01-01,65.1,112707,1233.19306
Belize,Americas,1972-01-01,67.53,127152,1481.21944
Belize,Americas,1977-01-01,68.98,136990,1813.992
Belize,Americas,1982-01-01,70.02,151486,2181.08465
Belize,Americas,1987-01-01,71.86,174333,2211.83014
Belize,Americas,1992-01-01,72.3,194324,3426.71279
Belize,Americas,1997-01-01,71.12,221575,3381.19472
Belize,Americas,2002-01-01,71.25,262387,3992.98377
Belize,Americas,2007-01-01,73.17,299031,4311.07404
Belize,Americas,2012-01-01,74.02,338001,4253.09941
Belize,Americas,2017-01-01,74.16,375775,4211.44675
Bolivia,Americas,1962-01-01,46.8,3802996,1042.06402
Bolivia,Americas,1967-01-01,48.68,4208683,1249.67795
Bolivia,Americas,1972-01-01,51.06,4682392,1520.2682
Bolivia,Americas,1977-01-01,54.11,5228253,1746.45013
Bolivia,Americas,1982-01-01,56.74,5814344,1524.61415
Bolivia,Americas,1987-01-01,59.18,6442824,1293.28609
Bolivia,Americas,1992-01-01,61.79,7160917,1391.48017
Bolivia,Americas,1997-01-01,64.67,7937453,1570.82498
Bolivia,Americas,2002-01-01,67.57,8742822,1606.90468
Bolivia,Americas,2007-01-01,69.68,9558438,1799.49855
Bolivia,Americas,2012-01-01,71.41,10377677,2094.02422
Bolivia,Americas,2017-01-01,72.75,11192853,2490.95631
Brazil,Americas,1962-01-01,57.12,76514329,3740.43328
Brazil,Americas,1967-01-01,59.33,88035815,3821.46106
Brazil,Americas,1972-01-01,61.39,99859388,5587.88626
Brazil,Americas,1977-01-01,63.73,112425392,7453.59017
Brazil,Americas,1982-01-01,65.49,126498322,7660.57857
Brazil,Americas,1987-01-01,66.74,140891606,8445.71201
Brazil,Americas,1992-01-01,68.42,154259382,7791.75743
Brazil,Americas,1997-01-01,70.24,167209046,8744.84635
Brazil,Americas,2002-01-01,72.06,179537523,8954.83725
Brazil,Americas,2007-01-01,73.74,190130445,10293.53034
Brazil,Americas,2012-01-01,74.86,199287292,11745.77593
Brazil,Americas,2017-01-01,75.51,207833825,11021.71826
Botswana,Africa,1962-01-01,52.21,523777,443.98436
Botswana,Africa,1967-01-01,54.11,584098,536.99618
Botswana,Africa,1972-01-01,56.89,667096,1114.44321
Botswana,Africa,1977-01-01,59.57,800532,1647.32493
Botswana,Africa,1982-01-01,61.66,962859,2405.8169
Botswana,Africa,1987-01-01,63.76,1154904,3193.81425
Botswana,Africa,1992-01-01,62.33,1363541,4313.86398
Botswana,Africa,1997-01-01,57.91,1540424,4948.40523
Botswana,Africa,2002-01-01,51.91,1704637,5341.92009
Botswana,Africa,2007-01-01,55.77,1875458,6400.71757
Botswana,Africa,2012-01-01,63.16,2039551,6944.80764
Botswana,Africa,2017-01-01,69.07,2205076,7859.16728
Central African Republic,Africa,1962-01-01,41.66,1551908,586.41228
Central African Republic,Africa,1967-01-01,44.77,1708306,574.25185
Central African Republic,Africa,1972-01-01,47.29,1867786,590.26077
Central African Republic,Africa,1977-01-01,47.8,2039914,643.47288
Central African Republic,Africa,1982-01-01,49.13,2335339,562.07511
Central African Republic,Africa,1987-01-01,48.61,2646836,510.44211
Central African Republic,Africa,1992-01-01,46.55,2959236,431.21307
Central African Republic,Africa,1997-01-01,44.74,3392432,429.02507
Central African Republic,Africa,2002-01-01,44.39,3802129,438.25313
Central African Republic,Africa,2007-01-01,46.01,4198004,440.17644
Central African Republic,Africa,2012-01-01,49.63,4436411,528.64493
Central African Republic,Africa,2017-01-01,51.87,4596023,371.10879
Chile,Americas,1962-01-01,58.77,8476895,3794.01077
Chile,Americas,1967-01-01,61.35,9312091,4361.99682
Chile,Americas,1972-01-01,63.65,10103675,4773.97747
Chile,Americas,1977-01-01,67.85,10922777,4288.21906
Chile,Americas,1982-01-01,71.13,11743909,4767.19947
Chile,Americas,1987-01-01,73.09,12642917,5109.17062
Chile,Americas,1992-01-01,74.91,13719818,6879.77949
Chile,Americas,1997-01-01,75.84,14786227,8932.07229
Chile,Americas,2002-01-01,77.33,15684413,9814.65613
Chile,Americas,2007-01-01,78.37,16530201,12256.42969
Chile,Americas,2012-01-01,79.25,17400359,14035.67913
Chile,Americas,2017-01-01,79.7,18470435,14741.1925
China,Asia,1962-01-01,44.43,682102654,132.07484
China,Asia,1967-01-01,58.28,762581176,185.23226
China,Asia,1972-01-01,63.66,869485962,241.08536
China,Asia,1977-01-01,65.2,957891271,279.56049
China,Asia,1982-01-01,66.45,1027948989,386.89034
China,Asia,1987-01-01,68.28,1116095475,634.09291
China,Asia,1992-01-01,69.09,1206711243,886.95036
China,Asia,1997-01-01,70.85,1261996017,1440.59025
China,Asia,2002-01-01,73,1307352256,2061.16228
China,Asia,2007-01-01,75.38,1345993891,3480.15273
China,Asia,2012-01-01,76.18,1384206408,5325.16011
China,Asia,2017-01-01,77.07,1421021794,7346.61135
Cote d'Ivoire,Africa,1962-01-01,43.93,3770756,1267.13839
Cote d'Ivoire,Africa,1967-01-01,47.92,4544168,1601.04961
Cote d'Ivoire,Africa,1972-01-01,51.88,5576026,2025.69814
Cote d'Ivoire,Africa,1977-01-01,54.36,7026497,2330.61949
Cote d'Ivoire,Africa,1982-01-01,56.14,8764991,1959.35765
Cote d'Ivoire,Africa,1987-01-01,55.89,10698188,1614.04883
Cote d'Ivoire,Africa,1992-01-01,53.51,12812428,1385.00157
Cote d'Ivoire,Africa,1997-01-01,51.68,15130674,1412.81236
Cote d'Ivoire,Africa,2002-01-01,52.92,17231539,1275.36819
Cote d'Ivoire,Africa,2007-01-01,55.52,19171250,1202.889
Cote d'Ivoire,Africa,2012-01-01,58.85,21547188,1223.63194
Cote d'Ivoire,Africa,2017-01-01,62.48,24437475,1600.76524
Cameroon,Africa,1962-01-01,46.6,5398730,957.05436
Cameroon,Africa,1967-01-01,49.26,6052419,872.00293
Cameroon,Africa,1972-01-01,51.78,6867170,939.10263
Cameroon,Africa,1977-01-01,53.6,7887571,1140.60763
Cameroon,Africa,1982-01-01,55.73,9166813,1566.84895
Cameroon,Africa,1987-01-01,57.62,10731058,1735.64495
Cameroon,Africa,1992-01-01,57.14,12499499,1180.20331
Cameroon,Africa,1997-01-01,55.63,14344444,1098.7495
Cameroon,Africa,2002-01-01,54.61,16357605,1183.02664
Cameroon,Africa,2007-01-01,55.71,18730283,1277.30478
Cameroon,Africa,2012-01-01,59.18,21485267,1325.93023
Cameroon,Africa,2017-01-01,62.98,24566070,1481.73199
"Congo, Dem. Rep.",Africa,1962-01-01,47.17,16041187,1067.06412
"Congo, Dem. Rep.",Africa,1967-01-01,49.01,18378620,1020.79292
"Congo, Dem. Rep.",Africa,1972-01-01,50.87,21121360,1073.00223
"Congo, Dem. Rep.",Africa,1977-01-01,52.11,24249127,944.9246
"Congo, Dem. Rep.",Africa,1982-01-01,53.16,27717293,818.23061
"Congo, Dem. Rep.",Africa,1987-01-01,54.3,31528702,831.65369
"Congo, Dem. Rep.",Africa,1992-01-01,53.84,37333917,533.53459
"Congo, Dem. Rep.",Africa,1997-01-01,51.9,43827191,355.52816
"Congo, Dem. Rep.",Africa,2002-01-01,54.25,49871670,276.05595
"Congo, Dem. Rep.",Africa,2007-01-01,56.59,58453687,315.26386
"Congo, Dem. Rep.",Africa,2012-01-01,59.01,69020749,357.5983
"Congo, Dem. Rep.",Africa,2017-01-01,62.37,81398765,408.92479
"Congo, Rep.",Africa,1962-01-01,45.76,1069236,1582.75062
"Congo, Rep.",Africa,1967-01-01,47.78,1219547,1483.65916
"Congo, Rep.",Africa,1972-01-01,49.36,1406510,1853.65442
"Congo, Rep.",Africa,1977-01-01,51.52,1629218,1849.61803
"Congo, Rep.",Africa,1982-01-01,53.78,1884873,3193.31132
"Congo, Rep.",Africa,1987-01-01,54.57,2171319,2894.44
"Congo, Rep.",Africa,1992-01-01,53.28,2489945,2796.71303
"Congo, Rep.",Africa,1997-01-01,46.6,2867283,2449.35313
"Congo, Rep.",Africa,2002-01-01,54.26,3310376,2503.78489
"Congo, Rep.",Africa,2007-01-01,57.6,3876123,2513.18455
"Congo, Rep.",Africa,2012-01-01,60.79,4510197,2860.87434
"Congo, Rep.",Africa,2017-01-01,62.65,5110701,2732.19823
Colombia,Americas,1962-01-01,62.22,17092919,2434.60219
Colombia,Americas,1967-01-01,64.73,19837508,2611.64489
Colombia,Americas,1972-01-01,65.48,22516429,3133.66018
Colombia,Americas,1977-01-01,67.9,25164544,3531.96567
Colombia,Americas,1982-01-01,70.02,28101824,3885.16857
Colombia,Americas,1987-01-01,70.62,31195417,4224.10732
Colombia,Americas,1992-01-01,71,34422568,4559.32619
Colombia,Americas,1997-01-01,73.23,37723803,5151.88704
Colombia,Americas,2002-01-01,73.34,40875363,4913.85776
Colombia,Americas,2007-01-01,77.26,43737512,6002.33041
Colombia,Americas,2012-01-01,79.27,46075721,6911.592
Colombia,Americas,2017-01-01,80.11,48909844,7622.28402
Costa Rica,Americas,1962-01-01,64.53,1433346,2903.42609
Costa Rica,Americas,1967-01-01,67.32,1696742,3323.10656
Costa Rica,Americas,1972-01-01,69.98,1944170,4121.06221
Costa Rica,Americas,1977-01-01,73,2205618,4845.05723
Costa Rica,Americas,1982-01-01,75.21,2523358,4311.7606
Costa Rica,Americas,1987-01-01,76.19,2884856,4666.89302
Costa Rica,Americas,1992-01-01,76.59,3286525,5177.34825
Costa Rica,Americas,1997-01-01,77.05,3718952,5696.76825
Costa Rica,Americas,2002-01-01,78.28,4100922,6375.20385
Costa Rica,Americas,2007-01-01,80.24,4404626,7779.32493
Costa Rica,Americas,2012-01-01,79.99,4688003,8689.96517
Costa Rica,Americas,2017-01-01,79.47,4949955,9775.85088
Denmark,Europe,1962-01-01,72.15,4649341,22747.29246
Denmark,Europe,1967-01-01,72.75,4831750,27256.32207
Denmark,Europe,1972-01-01,73.43,4990551,32284.27938
Denmark,Europe,1977-01-01,74.25,5097049,34660.80545
Denmark,Europe,1982-01-01,74.38,5123349,37505.53047
Denmark,Europe,1987-01-01,74.77,5117282,43763.90557
Denmark,Europe,1992-01-01,75.37,5171654,45803.38995
Denmark,Europe,1997-01-01,76.16,5277713,51685.98805
Denmark,Europe,2002-01-01,77.19,5372798,56190.81125
Denmark,Europe,2007-01-01,78.39,5469920,61174.54163
Denmark,Europe,2012-01-01,80.14,5610909,58487.79355
Denmark,Europe,2017-01-01,80.76,5732277,62733.01981
Dominican Republic,Americas,1962-01-01,59.54,3521018,1416.15021
Dominican Republic,Americas,1967-01-01,63.69,4123100,1410.95847
Dominican Republic,Americas,1972-01-01,66.84,4755464,1967.70682
Dominican Republic,Americas,1977-01-01,69.03,5407496,2440.77822
Dominican Republic,Americas,1982-01-01,70.86,6067769,2659.22571
Dominican Republic,Americas,1987-01-01,71.08,6729930,2834.00024
Dominican Republic,Americas,1992-01-01,72.91,7408339,2914.50919
Dominican Republic,Americas,1997-01-01,73.39,8084407,3587.95638
Dominican Republic,Americas,2002-01-01,74.07,8724974,4211.63699
Dominican Republic,Americas,2007-01-01,73.46,9338856,5109.48286
Dominican Republic,Americas,2012-01-01,73.64,9930916,5745.42274
Dominican Republic,Americas,2017-01-01,73.09,10513111,7273.35376
Algeria,Africa,1962-01-01,53.69,11619828,1638.75443
Algeria,Africa,1967-01-01,56.53,13275020,2256.52705
Algeria,Africa,1972-01-01,58.77,15285992,2895.79834
Algeria,Africa,1977-01-01,61.21,17582899,3366.83816
Algeria,Africa,1982-01-01,65.08,20452901,3752.81654
Algeria,Africa,1987-01-01,70.16,23774287,3715.10484
Algeria,Africa,1992-01-01,72.46,27028330,3424.20939
Algeria,Africa,1997-01-01,73.2,29742980,3297.99936
Algeria,Africa,2002-01-01,74.51,31855110,3770.82925
Algeria,Africa,2007-01-01,75.65,34166976,4377.4986
Algeria,Africa,2012-01-01,76.77,37383899,4588.14766
Algeria,Africa,2017-01-01,77.74,41389174,4793.94666
Ecuador,Americas,1962-01-01,59.39,4809194,2332.13522
Ecuador,Americas,1967-01-01,62.13,5560013,2382.18239
Ecuador,Americas,1972-01-01,64.31,6429377,2621.46549
Ecuador,Americas,1977-01-01,66.81,7383713,3502.78916
Ecuador,Americas,1982-01-01,69.27,8409396,3716.57546
Ecuador,Americas,1987-01-01,69.56,9522362,3600.64026
Ecuador,Americas,1992-01-01,71.92,10716131,3778.49607
Ecuador,Americas,1997-01-01,73.84,11951457,3908.9828
Ecuador,Americas,2002-01-01,74.3,13143465,3827.36022
Ecuador,Americas,2007-01-01,74.15,14296554,4393.7241
Ecuador,Americas,2012-01-01,75.39,15474099,5122.18009
Ecuador,Americas,2017-01-01,76.73,16785356,5205.76302
Egypt,Africa,1962-01-01,47.96,28112258,598.52245
Egypt,Africa,1967-01-01,49.99,32056506,718.61403
Egypt,Africa,1972-01-01,51.94,36102670,748.48696
Egypt,Africa,1977-01-01,55.41,40329589,947.46121
Egypt,Africa,1982-01-01,58.9,45539295,1236.85234
Egypt,Africa,1987-01-01,61.35,51991696,1437.6528
Egypt,Africa,1992-01-01,65.51,58666812,1573.81566
Egypt,Africa,1997-01-01,67.41,64892269,1764.26985
Egypt,Africa,2002-01-01,68.43,71485044,2022.07154
Egypt,Africa,2007-01-01,69.3,78232124,2372.38301
Egypt,Africa,2012-01-01,69.79,86422240,2634.85005
Egypt,Africa,2017-01-01,70.64,96442590,2817.32023
Spain,Europe,1962-01-01,69.3,31075475,8903.76986
Spain,Europe,1967-01-01,71.02,32830181,11597.84027
Spain,Europe,1972-01-01,72.45,34664234,15009.80138
Spain,Europe,1977-01-01,74.08,36666770,17298.56126
Spain,Europe,1982-01-01,75.87,38209686,17442.06351
Spain,Europe,1987-01-01,76.68,38954490,19783.39456
Spain,Europe,1992-01-01,77.46,39410852,23127.67602
Spain,Europe,1997-01-01,78.72,40035286,25061.01258
Spain,Europe,2002-01-01,79.82,41919593,29700.15588
Spain,Europe,2007-01-01,81.01,45429071,32301.969
Spain,Europe,2012-01-01,82.31,47063059,29235.82869
Spain,Europe,2017-01-01,83.06,46647425,32282.90385
Finland,Europe,1962-01-01,68.59,4498821,13310.65882
Finland,Europe,1967-01-01,69.66,4588660,15539.67723
Finland,Europe,1972-01-01,70.92,4651174,19999.35411
Finland,Europe,1977-01-01,72.54,4746929,22145.03341
Finland,Europe,1982-01-01,74.36,4835102,26389.25606
Finland,Europe,1987-01-01,74.83,4946368,30299.07906
Finland,Europe,1992-01-01,75.75,5044928,30026.55203
Finland,Europe,1997-01-01,77.15,5151740,34947.37525
Finland,Europe,2002-01-01,78.51,5213368,41967.96758
Finland,Europe,2007-01-01,79.54,5297741,49285.27205
Finland,Europe,2012-01-01,80.7,5414769,46538.57743
Finland,Europe,2017-01-01,81.42,5511372,48086.66603
Fiji,Oceania,1962-01-01,62.76,421673,1775.23062
Fiji,Oceania,1967-01-01,65.34,487973,1887.18438
Fiji,Oceania,1972-01-01,66.48,542843,2432.07746
Fiji,Oceania,1977-01-01,67.46,598299,2763.98189
Fiji,Oceania,1982-01-01,67.35,668281,2782.67685
Fiji,Oceania,1987-01-01,67.98,721776,2574.23675
Fiji,Oceania,1992-01-01,67.63,744470,2956.74563
Fiji,Oceania,1997-01-01,66.02,792736,3131.20993
Fiji,Oceania,2002-01-01,66.57,815257,3472.30574
Fiji,Oceania,2007-01-01,66.94,836185,3661.40876
Fiji,Oceania,2012-01-01,67.58,865065,3781.18454
Fiji,Oceania,2017-01-01,68.07,877460,4663.66429
France,Europe,1962-01-01,70.68,46907043,13911.25505
France,Europe,1967-01-01,71.73,49651080,17219.86626
France,Europe,1972-01-01,72.73,51573268,21648.55226
France,Europe,1977-01-01,73.74,53208549,24888.17632
France,Europe,1982-01-01,74.91,54391469,27567.07914
France,Europe,1987-01-01,76.3,55837622,29383.96012
France,Europe,1992-01-01,77.39,57147213,33041.36211
France,Europe,1997-01-01,78.66,58220657,34952.52162
France,Europe,2002-01-01,79.37,59803434,38942.28122
France,Europe,2007-01-01,80.98,61869229,41582.79972
France,Europe,2012-01-01,81.85,63564224,41258.27473
France,Europe,2017-01-01,82.84,64842513,43015.21064
Gabon,Africa,1962-01-01,45.08,511285,5275.36971
Gabon,Africa,1967-01-01,49.48,554054,6365.23153
Gabon,Africa,1972-01-01,53.57,611705,8522.09702
Gabon,Africa,1977-01-01,57.1,676264,16741.91687
Gabon,Africa,1982-01-01,58.93,763932,11811.8052
Gabon,Africa,1987-01-01,60.75,873871,9410.74467
Gabon,Africa,1992-01-01,60.56,1002573,10868.35119
Gabon,Africa,1997-01-01,60.2,1141332,11838.28324
Gabon,Africa,2002-01-01,58.99,1288310,9879.34623
Gabon,Africa,2007-01-01,60.62,1472565,9413.58284
Gabon,Africa,2012-01-01,64.3,1749677,9258.88197
Gabon,Africa,2017-01-01,68.39,2064812,9212.97258
United Kingdom,Europe,1962-01-01,70.87,53109400,14233.95994
United Kingdom,Europe,1967-01-01,72.11,54866529,16282.02616
United Kingdom,Europe,1972-01-01,72.1,55892412,19207.40855
United Kingdom,Europe,1977-01-01,73.07,56203598,20687.81224
United Kingdom,Europe,1982-01-01,74.07,56241408,22125.20146
United Kingdom,Europe,1987-01-01,75.1,56658260,26470.97524
United Kingdom,Europe,1992-01-01,76.32,57446041,28328.00256
United Kingdom,Europe,1997-01-01,77.24,58307320,32489.20778
United Kingdom,Europe,2002-01-01,78.34,59326294,37285.17788
United Kingdom,Europe,2007-01-01,79.67,61455154,41465.5455
United Kingdom,Europe,2012-01-01,80.92,64525300,40039.70024
United Kingdom,Europe,2017-01-01,80.97,66727463,43010.70634
Ghana,Africa,1962-01-01,52.15,7071966,1067.60877
Ghana,Africa,1967-01-01,54.44,8132803,991.03604
Ghana,Africa,1972-01-01,56.25,9229640,1045.96454
Ghana,Africa,1977-01-01,57.41,10395453,882.05854
Ghana,Africa,1982-01-01,57.92,11676828,749.34901
Ghana,Africa,1987-01-01,58.68,13552021,775.63732
Ghana,Africa,1992-01-01,59.44,15653345,842.33399
Ghana,Africa,1997-01-01,59.18,17908977,904.8696
Ghana,Africa,2002-01-01,59.48,20246376,986.0223
Ghana,Africa,2007-01-01,60.43,22963946,1135.49113
Ghana,Africa,2012-01-01,63.01,25996454,1543.76398
Ghana,Africa,2017-01-01,65.5,29121464,1739.46749
Greece,Europe,1962-01-01,71.66,8350876,7014.09044
Greece,Europe,1967-01-01,73,8528026,10408.20793
Greece,Europe,1972-01-01,74.42,8774512,15738.28248
Greece,Europe,1977-01-01,75.92,9254979,17782.12085
Greece,Europe,1982-01-01,77.79,9796830,18352.43985
Greece,Europe,1987-01-01,76.94,10057292,18257.80403
Greece,Europe,1992-01-01,77.58,10420226,19733.2904
Greece,Europe,1997-01-01,78.55,10906248,21198.79064
Greece,Europe,2002-01-01,79.17,11182308,24965.59402
Greece,Europe,2007-01-01,79.42,11120371,30054.88939
Greece,Europe,2012-01-01,80.35,10781119,22830.52678
Greece,Europe,2017-01-01,80.99,10569449,23052.98623
Guatemala,Americas,1962-01-01,44.62,4464251,1517.98152
Guatemala,Americas,1967-01-01,47.51,5160616,1730.30307
Guatemala,Americas,1972-01-01,51.81,5941567,2082.29655
Guatemala,Americas,1977-01-01,56.53,6765516,2491.85204
Guatemala,Americas,1982-01-01,56.37,7654818,2437.05551
Guatemala,Americas,1987-01-01,62.05,8639105,2143.4578
Guatemala,Americas,1992-01-01,62.53,9708552,2264.25445
Guatemala,Americas,1997-01-01,66.82,10887637,2442.26342
Guatemala,Americas,2002-01-01,69.32,12208854,2604.37829
Guatemala,Americas,2007-01-01,70.91,13700326,2871.90348
Guatemala,Americas,2012-01-01,72.45,15270774,2999.42276
Guatemala,Americas,2017-01-01,72.63,16914979,3286.74129
Guyana,Americas,1962-01-01,60.69,606286,1695.64185
Guyana,Americas,1967-01-01,61.46,675861,1803.019
Guyana,Americas,1972-01-01,62.28,721949,1896.29545
Guyana,Americas,1977-01-01,63.53,762424,2099.84424
Guyana,Americas,1982-01-01,65.04,781249,1770.58961
Guyana,Americas,1987-01-01,65.67,757451,1655.2158
Guyana,Americas,1992-01-01,67.04,748596,1698.93883
Guyana,Americas,1997-01-01,66.15,757975,2371.77326
Guyana,Americas,2002-01-01,66.21,744789,2493.00542
Guyana,Americas,2007-01-01,67.7,746477,2769.21246
Guyana,Americas,2012-01-01,67.31,755388,3332.70303
Guyana,Americas,2017-01-01,69.21,775218,3853.70592
"Hong Kong, China",Asia,1962-01-01,67.55,3230300,3703.55594
"Hong Kong, China",Asia,1967-01-01,69.68,3624973,4902.6924
"Hong Kong, China",Asia,1972-01-01,71.38,3974193,6604.26378
"Hong Kong, China",Asia,1977-01-01,73.35,4462399,8910.5912
"Hong Kong, China",Asia,1982-01-01,75.47,5058049,11604.93207
"Hong Kong, China",Asia,1987-01-01,77.33,5464705,16190.20413
"Hong Kong, China",Asia,1992-01-01,78.47,5864745,20155.31575
"Hong Kong, China",Asia,1997-01-01,79.68,6299912,22758.3824
"Hong Kong, China",Asia,2002-01-01,80.95,6701771,23252.52847
"Hong Kong, China",Asia,2007-01-01,81.99,6840017,31081.55643
"Hong Kong, China",Asia,2012-01-01,82.94,7046847,34086.30654
"Hong Kong, China",Asia,2017-01-01,84.09,7306315,37929.42567
Honduras,Americas,1962-01-01,52.81,2155648,1116.59458
Honduras,Americas,1967-01-01,56.56,2486418,1287.08626
Honduras,Americas,1972-01-01,60.12,2882102,1357.91458
Honduras,Americas,1977-01-01,62.97,3352825,1549.29815
Honduras,Americas,1982-01-01,66.11,3910642,1446.50704
Honduras,Americas,1987-01-01,67.92,4542218,1585.26458
Honduras,Americas,1992-01-01,69.07,5244677,1512.73158
Honduras,Americas,1997-01-01,69.68,6045704,1584.67337
Honduras,Americas,2002-01-01,70.99,6929267,1625.73761
Honduras,Americas,2007-01-01,72.17,7808520,1922.87466
Honduras,Americas,2012-01-01,71.72,8640692,1982.00974
Honduras,Americas,2017-01-01,73.98,9429016,2176.29517
Haiti,Americas,1962-01-01,42.27,4019171,1000.57058
Haiti,Americas,1967-01-01,44.8,4425318,871.7928
Haiti,Americas,1972-01-01,46.74,4837334,924.50939
Haiti,Americas,1977-01-01,49.39,5294625,1064.40847
Haiti,Americas,1982-01-01,51.82,5910223,1095.78429
Haiti,Americas,1987-01-01,53.67,6618742,983.49473
Haiti,Americas,1992-01-01,54.82,7319491,843.28879
Haiti,Americas,1997-01-01,55.7,8030721,752.31372
Haiti,Americas,2002-01-01,58.5,8754148,721.16825
Haiti,Americas,2007-01-01,60.62,9495336,692.55362
Haiti,Americas,2012-01-01,62.53,10250922,701.44596
Haiti,Americas,2017-01-01,64.95,10982367,728.845
Indonesia,Asia,1962-01-01,47.72,92518373,705.13834
Indonesia,Asia,1967-01-01,51.73,105865576,657.00633
Indonesia,Asia,1972-01-01,54.98,121017316,839.02814
Indonesia,Asia,1977-01-01,57.81,137278057,1050.29134
Indonesia,Asia,1982-01-01,60.66,154468235,1296.89579
Indonesia,Asia,1987-01-01,62.65,171702756,1480.2316
Indonesia,Asia,1992-01-01,64.78,187739786,1878.97304
Indonesia,Asia,1997-01-01,66.68,202826444,2433.34074
Indonesia,Asia,2002-01-01,67.8,217357790,2259.3077
Indonesia,Asia,2007-01-01,68.97,232374239,2757.89367
Indonesia,Asia,2012-01-01,70.25,248451714,3421.27352
Indonesia,Asia,2017-01-01,71.48,264650969,4120.52188
India,Asia,1962-01-01,43.38,469077191,338.61113
India,Asia,1967-01-01,47.25,520400577,364.74662
India,Asia,1972-01-01,50.41,581087255,382.45089
India,Asia,1977-01-01,53.15,652408766,423.74019
India,Asia,1982-01-01,56.03,732239498,442.7985
India,Asia,1987-01-01,58.26,819682095,505.17908
India,Asia,1992-01-01,60.17,909307018,595.01346
India,Asia,1997-01-01,61.95,1000900028,727.04318
India,Asia,2002-01-01,63.9,1093317187,869.20139
India,Asia,2007-01-01,66.02,1183209471,1173.87531
India,Asia,2012-01-01,67.3,1265780243,1469.17761
India,Asia,2017-01-01,68.97,1338676779,1986.63291
Iran,Asia,1962-01-01,49.93,23071309,3424.16319
Iran,Asia,1967-01-01,53.21,26317776,5118.21224
Iran,Asia,1972-01-01,59.1,30075295,8702.12953
Iran,Asia,1977-01-01,66.25,34803041,9541.82904
Iran,Asia,1982-01-01,65.37,41869231,5332.90783
Iran,Asia,1987-01-01,68.06,51193782,3987.38804
Iran,Asia,1992-01-01,70.91,58780376,4582.33009
Iran,Asia,1997-01-01,72.72,63136309,4588.9557
Iran,Asia,2002-01-01,73.85,67284801,5077.90888
Iran,Asia,2007-01-01,74.71,71336476,6369.82193
Iran,Asia,2012-01-01,75.67,75539881,6122.43209
Iran,Asia,2017-01-01,77.35,80673888,6948.70443
Israel,Asia,1962-01-01,69.18,2234199,9925.99466
Israel,Asia,1967-01-01,70.48,2619102,11122.65805
Israel,Asia,1972-01-01,72.6,2996475,16415.97603
Israel,Asia,1977-01-01,74.06,3472118,16827.88608
Israel,Asia,1982-01-01,75.54,3838109,18486.69998
Israel,Asia,1987-01-01,76.44,4167130,20665.10696
Israel,Asia,1992-01-01,76.9,4752826,22723.68709
Israel,Asia,1997-01-01,78.11,5566551,25963.25037
Israel,Asia,2002-01-01,78.72,6169311,26582.37798
Israel,Asia,2007-01-01,80.59,6847148,29688.67136
Israel,Asia,2012-01-01,82.15,7614946,31695.00643
Israel,Asia,2017-01-01,82.97,8243849,34243.0126
Italy,Europe,1962-01-01,69.22,50442350,12335.1036
Italy,Europe,1967-01-01,71.03,52433478,15108.81213
Italy,Europe,1972-01-01,72.12,54258737,18464.68984
Italy,Europe,1977-01-01,73.55,55777881,21817.05367
Italy,Europe,1982-01-01,74.89,56644860,24736.16307
Italy,Europe,1987-01-01,76.33,57007737,28157.76922
Italy,Europe,1992-01-01,77.37,57145308,31564.41613
Italy,Europe,1997-01-01,78.7,56903633,33861.92832
Italy,Europe,2002-01-01,80.07,57182521,37056.14917
Italy,Europe,2007-01-01,81.38,58747862,38272.2041
Italy,Europe,2012-01-01,82.19,59879469,35019.47189
Italy,Europe,2017-01-01,83.17,60673694,35086.4783
Japan,Asia,1962-01-01,69.25,95458517,10138.39701
Japan,Asia,1967-01-01,72,100822283,15196.61018
Japan,Asia,1972-01-01,73.52,107976030,20662.70465
Japan,Asia,1977-01-01,75.61,114827826,23225.43571
Japan,Asia,1982-01-01,77.24,119605254,27443.60965
Japan,Asia,1987-01-01,78.73,123072720,32801.20619
Japan,Asia,1992-01-01,79.55,125331300,39488.39343
Japan,Asia,1997-01-01,80.85,126892745,41861.75344
Japan,Asia,2002-01-01,82.02,127893075,42190.80487
Japan,Asia,2007-01-01,82.75,128494050,45687.27381
Japan,Asia,2012-01-01,83.43,128423571,45276.87434
Japan,Asia,2017-01-01,84.19,127502728,48510.60941
Kenya,Africa,1962-01-01,52.78,8647002,509.49111
Kenya,Africa,1967-01-01,56.27,10187487,597.2949
Kenya,Africa,1972-01-01,59.09,12146070,796.52553
Kenya,Africa,1977-01-01,61.01,14638887,821.518
Kenya,Africa,1982-01-01,62.6,17736326,867.71095
Kenya,Africa,1987-01-01,62.85,21382111,878.68188
Kenya,Africa,1992-01-01,60.49,25326080,864.787
Kenya,Africa,1997-01-01,56.61,29415660,837.81066
Kenya,Africa,2002-01-01,55.8,33751746,809.96163
Kenya,Africa,2007-01-01,58.41,38705934,920.64922
Kenya,Africa,2012-01-01,62.91,44343469,1000.82922
Kenya,Africa,2017-01-01,65.86,50221146,1156.4253
South Korea,Asia,1962-01-01,55.27,26812084,976.9011
South Korea,Asia,1967-01-01,59.41,30236691,1345.01731
South Korea,Asia,1972-01-01,62.93,33506522,2045.3822
South Korea,Asia,1977-01-01,65.75,36475425,3248.24827
South Korea,Asia,1982-01-01,68.66,39175221,4143.97909
South Korea,Asia,1987-01-01,70.84,41686566,6641.41367
South Korea,Asia,1992-01-01,73.27,43848223,9793.863
South Korea,Asia,1997-01-01,75.27,46196056,13671.95724
South Korea,Asia,2002-01-01,77.23,47999551,17178.16999
South Korea,Asia,2007-01-01,79.66,49034813,21191.24647
South Korea,Asia,2012-01-01,81.19,50060639,24197.94137
South Korea,Asia,2017-01-01,82.6,51096408,27492.57625
Sri Lanka,Asia,1962-01-01,59.37,10352180,594.14461
Sri Lanka,Asia,1967-01-01,61.75,11657650,644.19769
Sri Lanka,Asia,1972-01-01,63.03,13002234,689.65371
Sri Lanka,Asia,1977-01-01,64.59,14273495,805.00796
Sri Lanka,Asia,1982-01-01,67.85,15501210,970.9074
Sri Lanka,Asia,1987-01-01,68.94,16643956,1110.29404
Sri Lanka,Asia,1992-01-01,71.13,17736827,1269.03373
Sri Lanka,Asia,1997-01-01,70.38,18470897,1602.93581
Sri Lanka,Asia,2002-01-01,73.59,19062476,1840.26015
Sri Lanka,Asia,2007-01-01,74.44,19842044,2412.68683
Sri Lanka,Asia,2012-01-01,76.1,20532599,3286.00759
Sri Lanka,Asia,2017-01-01,77.47,21128028,3860.15031
Lesotho,Africa,1962-01-01,53.52,869132,296.29402
Lesotho,Africa,1967-01-01,55,962279,361.60039
Lesotho,Africa,1972-01-01,56.08,1077102,350.32962
Lesotho,Africa,1977-01-01,57.63,1228527,504.07468
Lesotho,Africa,1982-01-01,59.11,1415362,544.88866
Lesotho,Africa,1987-01-01,60.04,1596395,562.60861
Lesotho,Africa,1992-01-01,59.58,1782284,702.45732
Lesotho,Africa,1997-01-01,53.85,1968054,789.35945
Lesotho,Africa,2002-01-01,46.55,2029832,846.02656
Lesotho,Africa,2007-01-01,44.53,1986926,1038.97438
Lesotho,Africa,2012-01-01,48.93,2014988,1266.65975
Lesotho,Africa,2017-01-01,54.66,2091532,1391.93653
Luxembourg,Europe,1962-01-01,69.32,320699,27902.52612
Luxembourg,Europe,1967-01-01,70.38,334234,29981.5239
Luxembourg,Europe,1972-01-01,70.81,345104,37973.16007
Luxembourg,Europe,1977-01-01,72.16,358963,40001.87722
Luxembourg,Europe,1982-01-01,73.27,365099,42720.79509
Luxembourg,Europe,1987-01-01,74.63,371076,54131.91978
Luxembourg,Europe,1992-01-01,75.81,391397,71003.66923
Luxembourg,Europe,1997-01-01,76.92,419979,78075.53056
Luxembourg,Europe,2002-01-01,78.42,443727,97287.59732
Luxembourg,Europe,2007-01-01,80.12,474917,111968.3495
Luxembourg,Europe,2012-01-01,81.14,530855,102404.61209
Luxembourg,Europe,2017-01-01,81.66,591914,109452.96005
Madagascar,Africa,1962-01-01,45.85,5352497,814.16099
Madagascar,Africa,1967-01-01,48.81,6073529,792.3632
Madagascar,Africa,1972-01-01,51.67,6946619,829.19123
Madagascar,Africa,1977-01-01,53.74,7998157,718.76487
Madagascar,Africa,1982-01-01,54.16,9234137,594.67059
Madagascar,Africa,1987-01-01,53.96,10647753,552.56094
Madagascar,Africa,1992-01-01,56.01,12301338,503.23461
Madagascar,Africa,1997-01-01,57.73,14347860,474.25906
Madagascar,Africa,2002-01-01,59.79,16765122,428.20607
Madagascar,Africa,2007-01-01,61.38,19433520,498.23291
Madagascar,Africa,2012-01-01,62.14,22346641,467.43579
Madagascar,Africa,2017-01-01,63.51,25570511,481.38315
Mexico,Americas,1962-01-01,58.76,40195318,4035.33437
Mexico,Americas,1967-01-01,60.78,46956208,5026.51319
Mexico,Americas,1972-01-01,63.22,54689944,5841.22234
Mexico,Americas,1977-01-01,65.21,62869908,6618.13904
Mexico,Americas,1982-01-01,67.69,71058650,8253.44621
Mexico,Americas,1987-01-01,70.17,79200081,7445.85369
Mexico,Americas,1992-01-01,72,87075136,8104.29108
Mexico,Americas,1997-01-01,73.41,94611008,8530.35509
Mexico,Americas,2002-01-01,74.96,101684764,8960.55409
Mexico,Americas,2007-01-01,75.91,109170503,9622.04796
Mexico,Americas,2012-01-01,75.62,117274156,9690.86906
Mexico,Americas,2017-01-01,75.52,124777326,10301.35788
Myanmar,Asia,1962-01-01,39.96,22697664,153.57585
Myanmar,Asia,1967-01-01,44.05,25410054,144.98631
Myanmar,Asia,1972-01-01,47.71,28570093,167.13449
Myanmar,Asia,1977-01-01,50.8,32026748,182.07872
Myanmar,Asia,1982-01-01,53.05,35734273,221.6908
Myanmar,Asia,1987-01-01,54.71,39404350,215.12993
Myanmar,Asia,1992-01-01,55.82,42401686,205.85877
Myanmar,Asia,1997-01-01,57.56,45027223,265.72276
Myanmar,Asia,2002-01-01,59.59,47702163,417.97578
Myanmar,Asia,2007-01-01,62.55,49621479,747.11625
Myanmar,Asia,2012-01-01,66.12,51413703,1092.05651
Myanmar,Asia,2017-01-01,68.5,53382521,1482.66266
Mauritania,Africa,1962-01-01,48.85,901690,1352.11919
Mauritania,Africa,1967-01-01,52.2,1047345,1756.46011
Mauritania,Africa,1972-01-01,54.49,1217443,1908.68257
Mauritania,Africa,1977-01-01,55.16,1411139,1780.59876
Mauritania,Africa,1982-01-01,57.48,1633655,1674.74039
Mauritania,Africa,1987-01-01,59.27,1879756,1621.0904
Mauritania,Africa,1992-01-01,60.4,2142645,1543.95903
Mauritania,Africa,1997-01-01,62.2,2433567,1555.76337
Mauritania,Africa,2002-01-01,64.42,2778097,1403.19691
Mauritania,Africa,2007-01-01,66.88,3202512,1716.77398
Mauritania,Africa,2012-01-01,68.98,3706555,1652.71417
Mauritania,Africa,2017-01-01,70.53,4282582,1715.61075
Malawi,Africa,1962-01-01,40.69,3839047,246.33818
Malawi,Africa,1967-01-01,42.08,4350456,303.76896
Malawi,Africa,1972-01-01,44.62,4958556,343.33525
Malawi,Africa,1977-01-01,47.27,5717954,381.50459
Malawi,Africa,1982-01-01,49.81,6565985,371.02797
Malawi,Africa,1987-01-01,49.47,8141140,346.764
Malawi,Africa,1992-01-01,47.48,9685974,324.54899
Malawi,Africa,1997-01-01,44.73,10264906,392.04487
Malawi,Africa,2002-01-01,45.29,11713663,361.04355
Malawi,Africa,2007-01-01,49.72,13341808,418.58822
Malawi,Africa,2012-01-01,58.05,15396010,482.92378
Malawi,Africa,2017-01-01,63.21,17670193,512.64561
Malaysia,Asia,1962-01-01,60.48,8692337,1454.78924
Malaysia,Asia,1967-01-01,63,10046321,1716.46529
Malaysia,Asia,1972-01-01,65.31,11324277,2200.12169
Malaysia,Asia,1977-01-01,67.21,12790313,2855.96936
Malaysia,Asia,1982-01-01,69.26,14471215,3583.5769
Malaysia,Asia,1987-01-01,70.72,16522004,3788.11691
Malaysia,Asia,1992-01-01,71.68,19002660,5134.58945
Malaysia,Asia,1997-01-01,72.36,21562790,7041.67094
Malaysia,Asia,2002-01-01,73.4,24208391,7112.05559
Malaysia,Asia,2007-01-01,74.46,26720367,8605.01752
Malaysia,Asia,2012-01-01,74.9,29068189,9743.1048
Malaysia,Asia,2017-01-01,74.72,31104655,11728.98029
Niger,Africa,1962-01-01,41.83,3588228,896.06165
Niger,Africa,1967-01-01,42.53,4144588,906.4861
Niger,Africa,1972-01-01,43.15,4768225,772.09351
Niger,Africa,1977-01-01,42.63,5491158,638.01449
Niger,Africa,1982-01-01,43.7,6343530,671.2098
Niger,Africa,1987-01-01,44.8,7328934,527.72518
Niger,Africa,1992-01-01,47.34,8566773,489.80324
Niger,Africa,1997-01-01,50.03,10178196,438.86901
Niger,Africa,2002-01-01,53.23,12189988,446.70737
Niger,Africa,2007-01-01,57.19,14685404,445.80058
Niger,Africa,2012-01-01,59.99,17795209,495.76397
Niger,Africa,2017-01-01,62.37,21602388,532.08928
Nigeria,Africa,1962-01-01,51.05,47029818,1369.05924
Nigeria,Africa,1967-01-01,46.21,52342231,1186.10899
Nigeria,Africa,1972-01-01,51.57,58665813,1915.85636
Nigeria,Africa,1977-01-01,54.17,67203134,2146.84923
Nigeria,Africa,1982-01-01,55.74,77427539,1581.56227
Nigeria,Africa,1987-01-01,55.9,88048029,1339.8134
Nigeria,Africa,1992-01-01,55.56,100161708,1512.24844
Nigeria,Africa,1997-01-01,55.36,113457661,1376.3025
Nigeria,Africa,2002-01-01,55.7,128596079,1607.23827
Nigeria,Africa,2007-01-01,58.49,146339971,1993.09741
Nigeria,Africa,2012-01-01,61.73,167228803,2384.95417
Nigeria,Africa,2017-01-01,64.35,190873247,2412.36713
Nicaragua,Americas,1962-01-01,51.14,1887426,1686.12792
Nicaragua,Americas,1967-01-01,54.82,2197303,2170.67029
Nicaragua,Americas,1972-01-01,50.96,2558705,2148.00506
Nicaragua,Americas,1977-01-01,64.6,2985480,2546.70763
Nicaragua,Americas,1982-01-01,66.23,3455129,1630.05244
Nicaragua,Americas,1987-01-01,65.4,3909672,1398.42003
Nicaragua,Americas,1992-01-01,72.19,4364514,1079.21407
Nicaragua,Americas,1997-01-01,73.85,4827658,1176.00319
Nicaragua,Americas,2002-01-01,75.1,5219324,1304.00601
Nicaragua,Americas,2007-01-01,76.51,5590066,1500.20675
Nicaragua,Americas,2012-01-01,77.65,5982530,1657.65152
Nicaragua,Americas,2017-01-01,78.8,6384843,1957.86957
Netherlands,Europe,1962-01-01,73.36,11766730,17085.13935
Netherlands,Europe,1967-01-01,73.95,12556841,21109.81322
Netherlands,Europe,1972-01-01,73.94,13291876,25905.69265
Netherlands,Europe,1977-01-01,75.18,13892920,29106.88395
Netherlands,Europe,1982-01-01,76.12,14295209,29314.56467
Netherlands,Europe,1987-01-01,76.71,14682662,32346.37294
Netherlands,Europe,1992-01-01,77.28,15165856,36627.40781
Netherlands,Europe,1997-01-01,77.87,15655482,41356.45022
Netherlands,Europe,2002-01-01,78.42,16110355,46960.18473
Netherlands,Europe,2007-01-01,80.22,16506652,51808.76514
Netherlands,Europe,2012-01-01,81.04,16791850,50780.70297
Netherlands,Europe,2017-01-01,81.52,17021343,53942.08509
Norway,Europe,1962-01-01,73.25,3639213,24912.39328
Norway,Europe,1967-01-01,73.84,3784867,30311.1519
Norway,Europe,1972-01-01,74.19,3933726,35367.69116
Norway,Europe,1977-01-01,75.09,4044335,43236.98884
Norway,Europe,1982-01-01,75.84,4111650,49045.54391
Norway,Europe,1987-01-01,76.05,4186972,59391.57409
Norway,Europe,1992-01-01,77.11,4292685,63629.68868
Norway,Europe,1997-01-01,78.27,4420266,77045.295
Norway,Europe,2002-01-01,79.04,4546017,83673.63733
Norway,Europe,2007-01-01,80.55,4719403,91565.7334
Norway,Europe,2012-01-01,81.47,5013716,88604.57465
Norway,Europe,2017-01-01,82.34,5296324,91549.03787
Nepal,Asia,1962-01-01,45.29,10433147,267.52924
Nepal,Asia,1967-01-01,47.92,11382965,279.66391
Nepal,Asia,1972-01-01,50.17,12583142,278.06571
Nepal,Asia,1977-01-01,51.81,14028535,288.00699
Nepal,Asia,1982-01-01,53.92,15729431,301.51632
Nepal,Asia,1987-01-01,56.56,17623697,323.23781
Nepal,Asia,1992-01-01,59.89,19938322,371.96946
Nepal,Asia,1997-01-01,63.63,22584772,422.49417
Nepal,Asia,2002-01-01,66.45,24725625,462.5462
Nepal,Asia,2007-01-01,68.48,26382586,521.74391
Nepal,Asia,2012-01-01,69.62,26989160,642.52046
Nepal,Asia,2017-01-01,70.92,27632682,779.20397
Pakistan,Asia,1962-01-01,50.49,47198886,318.86788
Pakistan,Asia,1967-01-01,54.41,53655783,403.76974
Pakistan,Asia,1972-01-01,56.99,61381982,450.37588
Pakistan,Asia,1977-01-01,58.54,70958168,491.9627
Pakistan,Asia,1982-01-01,60.25,83431597,594.42519
Pakistan,Asia,1987-01-01,61.24,98285762,684.02882
Pakistan,Asia,1992-01-01,61.35,113911126,788.06764
Pakistan,Asia,1997-01-01,61.34,131057432,803.79086
Pakistan,Asia,2002-01-01,62.29,149549695,828.73083
Pakistan,Asia,2007-01-01,63.49,167808106,993.55167
Pakistan,Asia,2012-01-01,65,187280125,1006.07329
Pakistan,Asia,2017-01-01,66.85,207906210,1155.36337
Panama,Americas,1962-01-01,64.92,1202447,2420.46125
Panama,Americas,1967-01-01,67.48,1393824,3017.29716
Panama,Americas,1972-01-01,70.43,1607797,3720.79308
Panama,Americas,1977-01-01,73.36,1837804,3674.15012
Panama,Americas,1982-01-01,74.91,2073748,4861.03806
Panama,Americas,1987-01-01,75.68,2318259,4552.22358
Panama,Americas,1992-01-01,75.85,2575949,4612.62397
Panama,Americas,1997-01-01,76.02,2853907,5091.18307
Panama,Americas,2002-01-01,77.75,3149195,5435.16938
Panama,Americas,2007-01-01,78.2,3453671,7242.24887
Panama,Americas,2012-01-01,78.32,3770635,9541.06021
Panama,Americas,2017-01-01,79.29,4106764,11530.07126
Peru,Americas,1962-01-01,44.17,10749463,2967.70051
Peru,Americas,1967-01-01,46.23,12386868,3398.95738
Peru,Americas,1972-01-01,60,14221954,3433.41079
Peru,Americas,1977-01-01,63.95,16258323,3707.2728
Peru,Americas,1982-01-01,65.26,18426420,3698.64677
Peru,Americas,1987-01-01,68.12,20691285,3746.71341
Peru,Americas,1992-01-01,70.27,22966822,2589.34311
Peru,Americas,1997-01-01,72.61,25210957,3277.95574
Peru,Americas,2002-01-01,75.96,27100964,3359.16269
Peru,Americas,2007-01-01,77.86,28333050,4356.73897
Peru,Americas,2012-01-01,78.4,29506790,5642.57812
Peru,Americas,2017-01-01,80.31,31444299,6314.29144
Philippines,Asia,1962-01-01,60.98,28077345,1138.8923
Philippines,Asia,1967-01-01,62.68,32823970,1249.1612
Philippines,Asia,1972-01-01,63.93,37923400,1369.84876
Philippines,Asia,1977-01-01,64.88,43629415,1629.07689
Philippines,Asia,1982-01-01,65.81,50023564,1778.84355
Philippines,Asia,1987-01-01,66.62,57263835,1467.03082
Philippines,Asia,1992-01-01,68.44,65020124,1505.68535
Philippines,Asia,1997-01-01,69.35,73030879,1665.35584
Philippines,Asia,2002-01-01,69.1,81365260,1709.55839
Philippines,Asia,2007-01-01,69.2,89405482,2051.23309
Philippines,Asia,2012-01-01,69.28,97212639,2379.66818
Philippines,Asia,2017-01-01,69.73,105172921,3042.68678
Papua New Guinea,Oceania,1962-01-01,44.81,2340349,1102.25921
Papua New Guinea,Oceania,1967-01-01,49.63,2596820,1362.98563
Papua New Guinea,Oceania,1972-01-01,52.97,2918138,1705.86892
Papua New Guinea,Oceania,1977-01-01,53.66,3302636,1590.93909
Papua New Guinea,Oceania,1982-01-01,53.78,3768489,1506.87304
Papua New Guinea,Oceania,1987-01-01,54.18,4292575,1522.58264
Papua New Guinea,Oceania,1992-01-01,54.71,4836216,1658.3786
Papua New Guinea,Oceania,1997-01-01,55.96,5446633,1845.78398
Papua New Guinea,Oceania,2002-01-01,55.83,6098621,1571.03933
Papua New Guinea,Oceania,2007-01-01,55.67,6808503,1784.85298
Papua New Guinea,Oceania,2012-01-01,56.82,7631003,1976.09878
Papua New Guinea,Oceania,2017-01-01,58.5,8438038,2485.52927
Portugal,Europe,1962-01-01,64.44,8888509,4987.29809
Portugal,Europe,1967-01-01,66.66,8750863,6843.33404
Portugal,Europe,1972-01-01,68.2,8789110,10148.09091
Portugal,Europe,1977-01-01,70.13,9431036,11249.05035
Portugal,Europe,1982-01-01,72.22,9870822,12652.50215
Portugal,Europe,1987-01-01,73.59,9914073,13948.97643
Portugal,Europe,1992-01-01,74.43,9951305,17639.46751
Portugal,Europe,1997-01-01,75.66,10174564,19354.83491
Portugal,Europe,2002-01-01,77.26,10385993,21809.32431
Portugal,Europe,2007-01-01,79.28,10573150,22819.50346
Portugal,Europe,2012-01-01,80.63,10526308,21337.28575
Portugal,Europe,2017-01-01,81.44,10288527,23380.69259
Paraguay,Americas,1962-01-01,67.73,2006675,1429.51134
Paraguay,Americas,1967-01-01,68.68,2290797,1614.98534
Paraguay,Americas,1972-01-01,69.6,2597149,1851.84417
Paraguay,Americas,1977-01-01,70.93,2935710,2440.64505
Paraguay,Americas,1982-01-01,72.45,3368763,3205.17558
Paraguay,Americas,1987-01-01,73.65,3891725,3264.53736
Paraguay,Americas,1992-01-01,74.31,4445019,3547.63081
Paraguay,Americas,1997-01-01,74.42,4998096,3943.89717
Paraguay,Americas,2002-01-01,74.94,5531958,3406.23263
Paraguay,Americas,2007-01-01,74.82,5998430,3848.11898
Paraguay,Americas,2012-01-01,75.06,6421510,4394.54388
Paraguay,Americas,2017-01-01,76.12,6867058,5272.57579
Rwanda,Africa,1962-01-01,45.03,3052937,361.48158
Rwanda,Africa,1967-01-01,46.35,3420897,311.77348
Rwanda,Africa,1972-01-01,47.13,3987223,341.79169
Rwanda,Africa,1977-01-01,48.23,4655386,366.36858
Rwanda,Africa,1982-01-01,51.75,5504847,442.47282
Rwanda,Africa,1987-01-01,52.44,6779981,401.3785
Rwanda,Africa,1992-01-01,48.85,6702239,427.26057
Rwanda,Africa,1997-01-01,46.51,6419898,353.96083
Rwanda,Africa,2002-01-01,52.3,8427061,407.51587
Rwanda,Africa,2007-01-01,60.33,9273759,522.91299
Rwanda,Africa,2012-01-01,65.95,10549668,683.46034
Rwanda,Africa,2017-01-01,68.46,11980960,802.74935
Sudan,Africa,1962-01-01,49.34,8004122,888.59525
Sudan,Africa,1967-01-01,51.4,9337662,774.66573
Sudan,Africa,1972-01-01,53.45,10974626,709.17772
Sudan,Africa,1977-01-01,54.42,13034631,971.67928
Sudan,Africa,1982-01-01,55.77,15562129,846.5686
Sudan,Africa,1987-01-01,56.9,18303430,794.91132
Sudan,Africa,1992-01-01,59.63,21696240,821.30288
Sudan,Africa,1997-01-01,61.7,25413912,943.24871
Sudan,Africa,2002-01-01,63.99,28704786,1064.97695
Sudan,Africa,2007-01-01,66.52,32360619,1368.34814
Sudan,Africa,2012-01-01,68.42,36193781,1745.10167
Sudan,Africa,2017-01-01,70.3,40813398,1900.09277
Senegal,Africa,1962-01-01,46.64,3386803,1326.09437
Senegal,Africa,1967-01-01,47.03,3899648,1255.00529
Senegal,Africa,1972-01-01,48.89,4522886,1239.51143
Senegal,Africa,1977-01-01,51.25,5181505,1213.33719
Senegal,Africa,1982-01-01,54.28,5909734,1197.80936
Senegal,Africa,1987-01-01,57.21,6875746,1142.54419
Senegal,Africa,1992-01-01,58.9,7990090,1048.04821
Senegal,Africa,1997-01-01,59.46,9130876,1029.5799
Senegal,Africa,2002-01-01,61.45,10283694,1118.41198
Senegal,Africa,2007-01-01,64.52,11687078,1262.32173
Senegal,Africa,2012-01-01,66.59,13401990,1291.62221
Senegal,Africa,2017-01-01,68.05,15419354,1495.34189
Singapore,Asia,1962-01-01,67.27,1741457,3833.00515
Singapore,Asia,1967-01-01,68.36,1958735,4834.99303
Singapore,Asia,1972-01-01,69.72,2150498,8332.48622
Singapore,Asia,1977-01-01,71.53,2314988,10806.0854
Singapore,Asia,1982-01-01,72.64,2517983,14651.35369
Singapore,Asia,1987-01-01,74.66,2816974,18414.99427
Singapore,Asia,1992-01-01,76.86,3199642,24221.40959
Singapore,Asia,1997-01-01,78.24,3752131,31856.60879
Singapore,Asia,2002-01-01,79.96,4104407,33565.96895
Singapore,Asia,2007-01-01,81.91,4578629,44742.41483
Singapore,Asia,2012-01-01,83.57,5369469,50143.77871
Singapore,Asia,2017-01-01,84.79,5708042,57378.86197
Sierra Leone,Africa,1962-01-01,39.41,2388759,384.87573
Sierra Leone,Africa,1967-01-01,42.07,2596798,418.86328
Sierra Leone,Africa,1972-01-01,45.89,2854866,478.34675
Sierra Leone,Africa,1977-01-01,47.26,3170503,461.60305
Sierra Leone,Africa,1982-01-01,48.13,3540164,500.0662
Sierra Leone,Africa,1987-01-01,49.14,4038154,459.21529
Sierra Leone,Africa,1992-01-01,50.36,4347727,342.00043
Sierra Leone,Africa,1997-01-01,50.85,4335295,300.39492
Sierra Leone,Africa,2002-01-01,51.52,4965770,330.39593
Sierra Leone,Africa,2007-01-01,53.49,5989641,375.668
Sierra Leone,Africa,2012-01-01,56.88,6712586,470.3014
Sierra Leone,Africa,2017-01-01,60.42,7488427,466.94507
Suriname,Americas,1962-01-01,60.46,303894,3439.94933
Suriname,Americas,1967-01-01,62.31,347673,5060.97616
Suriname,Americas,1972-01-01,63.66,367907,5703.63734
Suriname,Americas,1977-01-01,64.05,357649,7129.67283
Suriname,Americas,1982-01-01,65.78,360927,7005.21095
Suriname,Americas,1987-01-01,67.83,381033,6032.82816
Suriname,Americas,1992-01-01,69.14,420658,6044.43975
Suriname,Americas,1997-01-01,69.95,454165,5765.94925
Suriname,Americas,2002-01-01,69.44,482228,5990.47215
Suriname,Americas,2007-01-01,70.58,511181,7574.14681
Suriname,Americas,2012-01-01,72,541247,8772.96122
Suriname,Americas,2017-01-01,72.04,570501,7972.91027
Sweden,Europe,1962-01-01,73.31,7579570,19685.69582
Sweden,Europe,1967-01-01,74.09,7875902,23321.33348
Sweden,Europe,1972-01-01,74.84,8127045,27255.0566
Sweden,Europe,1977-01-01,75.47,8250692,29355.76271
Sweden,Europe,1982-01-01,76.53,8329428,31799.26598
Sweden,Europe,1987-01-01,77.2,8421056,36304.45176
Sweden,Europe,1992-01-01,78.16,8686735,36454.8296
Sweden,Europe,1997-01-01,79.37,8868857,39564.56244
Sweden,Europe,2002-01-01,80.05,8920703,46318.83361
Sweden,Europe,2007-01-01,80.88,9162941,53716.4434
Sweden,Europe,2012-01-01,81.8,9542817,53432.64485
Sweden,Europe,2017-01-01,82.5,9904895,57467.24997
Seychelles,Africa,1962-01-01,63.1,43461,2762.64714
Seychelles,Africa,1967-01-01,65.18,48916,3220.81029
Seychelles,Africa,1972-01-01,67.55,55127,4137.68674
Seychelles,Africa,1977-01-01,70,62483,4665.23288
Seychelles,Africa,1982-01-01,71.71,68120,5455.59002
Seychelles,Africa,1987-01-01,70.64,69946,6103.37376
Seychelles,Africa,1992-01-01,70.45,72661,8158.41126
Seychelles,Africa,1997-01-01,70.92,78357,9163.68507
Seychelles,Africa,2002-01-01,71.9,84077,9384.15248
Seychelles,Africa,2007-01-01,72.83,90082,11124.65711
Seychelles,Africa,2012-01-01,73.36,92608,11999.95385
Seychelles,Africa,2017-01-01,73.62,96418,14028.72089
Chad,Africa,1962-01-01,45.39,3121226,716.03657
Chad,Africa,1967-01-01,47.53,3434817,621.34781
Chad,Africa,1972-01-01,49.98,3815253,599.40525
Chad,Africa,1977-01-01,51.18,4255242,593.14234
Chad,Africa,1982-01-01,50.99,4718157,418.30784
Chad,Africa,1987-01-01,51.34,5412844,490.8261
Chad,Africa,1992-01-01,53.31,6356741,568.60326
Chad,Africa,1997-01-01,52.51,7503494,488.90415
Chad,Africa,2002-01-01,52.48,9019226,518.77216
Chad,Africa,2007-01-01,54.64,10818031,808.63199
Chad,Africa,2012-01-01,57.52,12784748,909.31234
Chad,Africa,2017-01-01,60.03,15016761,817.53414
Togo,Africa,1962-01-01,46.09,1612761,427.37774
Togo,Africa,1967-01-01,49.84,1855450,594.0875
Togo,Africa,1972-01-01,53.01,2247578,629.89896
Togo,Africa,1977-01-01,54.88,2518454,656.73578
Togo,Africa,1982-01-01,56.61,2915618,638.06209
Togo,Africa,1987-01-01,56.87,3471738,576.60949
Togo,Africa,1992-01-01,57.78,3945902,535.48146
Togo,Africa,1997-01-01,57.02,4485945,617.32507
Togo,Africa,2002-01-01,56.76,5197040,554.12661
Togo,Africa,2007-01-01,57.69,5920360,497.12296
Togo,Africa,2012-01-01,60.68,6773807,573.92399
Togo,Africa,2017-01-01,64.37,7698476,661.14813
Thailand,Asia,1962-01-01,58.82,29080945,609.44991
Thailand,Asia,1967-01-01,61.05,33778804,790.44568
Thailand,Asia,1972-01-01,63.38,39058594,959.70587
Thailand,Asia,1977-01-01,65.85,44405903,1225.4147
Thailand,Asia,1982-01-01,66.94,49255889,1506.68828
Thailand,Asia,1987-01-01,69.87,53945872,1857.89603
Thailand,Asia,1992-01-01,70.77,57811025,2874.13961
Thailand,Asia,1997-01-01,71,60846588,3546.40341
Thailand,Asia,2002-01-01,72.95,64069093,3731.27314
Thailand,Asia,2007-01-01,75.86,66182064,4745.30369
Thailand,Asia,2012-01-01,77.68,67835969,5437.87769
Thailand,Asia,2017-01-01,78.11,69209817,6135.47196
Trinidad and Tobago,Americas,1962-01-01,64.78,879436,4526.51107
Trinidad and Tobago,Americas,1967-01-01,65.95,925233,5228.66832
Trinidad and Tobago,Americas,1972-01-01,66.52,968136,5976.76851
Trinidad and Tobago,Americas,1977-01-01,67.93,1039210,6923.22581
Trinidad and Tobago,Americas,1982-01-01,69.45,1120019,8773.36484
Trinidad and Tobago,Americas,1987-01-01,69.94,1194532,6155.05561
Trinidad and Tobago,Americas,1992-01-01,69.95,1236685,6527.7784
Trinidad and Tobago,Americas,1997-01-01,70.29,1259838,7882.80842
Trinidad and Tobago,Americas,2002-01-01,71.13,1277210,10916.22849
Trinidad and Tobago,Americas,2007-01-01,72.77,1308450,16580.31724
Trinidad and Tobago,Americas,2012-01-01,74.56,1344814,16636.68383
Trinidad and Tobago,Americas,2017-01-01,74.24,1384060,15261.87227
Turkey,Europe,1962-01-01,49.74,28832831,3230.69936
Turkey,Europe,1967-01-01,53.71,32477994,3950.91732
Turkey,Europe,1972-01-01,57.21,36587267,4563.17584
Turkey,Europe,1977-01-01,60.65,41108290,5421.243
Turkey,Europe,1982-01-01,64.4,46025411,5174.05348
Turkey,Europe,1987-01-01,68.4,51100930,6375.46935
Turkey,Europe,1992-01-01,69.24,55748946,6932.11564
Turkey,Europe,1997-01-01,71.67,60372571,8186.49704
Turkey,Europe,2002-01-01,75.42,65145357,8003.45421
Turkey,Europe,2007-01-01,77.42,69581854,10640.42282
Turkey,Europe,2012-01-01,77.98,74651046,12039.29569
Turkey,Europe,2017-01-01,78.94,81116451,14874.78254
Uruguay,Americas,1962-01-01,68.33,2603883,5384.4033
Uruguay,Americas,1967-01-01,68.71,2750091,5248.85478
Uruguay,Americas,1972-01-01,68.68,2821458,5558.63479
Uruguay,Americas,1977-01-01,69.28,2856958,6336.79365
Uruguay,Americas,1982-01-01,71.55,2953852,6653.23596
Uruguay,Americas,1987-01-01,72.35,3049581,6815.44166
Uruguay,Americas,1992-01-01,73.44,3154459,7577.08516
Uruguay,Americas,1997-01-01,74.01,3270158,9091.47428
Uruguay,Americas,2002-01-01,74.89,3326046,7971.31378
Uruguay,Americas,2007-01-01,75.51,3331753,10038.89509
Uruguay,Americas,2012-01-01,76.34,3378975,12981.14011
Uruguay,Americas,2017-01-01,77.05,3436645,14437.38469
United States,Americas,1962-01-01,70.31,192313747,18462.936
United States,Americas,1967-01-01,70.87,203905081,22235.41571
United States,Americas,1972-01-01,71.49,213269805,24649.84474
United States,Americas,1977-01-01,73.34,223135659,27161.42669
United States,Americas,1982-01-01,74.56,233821851,28235.08967
United States,Americas,1987-01-01,75.06,245052780,33761.17884
United States,Americas,1992-01-01,75.92,256990608,36287.32286
United States,Americas,1997-01-01,76.58,271713634,40614.40561
United States,Americas,2002-01-01,77.02,287279312,45087.36728
United States,Americas,2007-01-01,78.05,300608425,49856.28149
United States,Americas,2012-01-01,78.86,314043885,49603.25347
United States,Americas,2017-01-01,78.59,325084758,53382.76482
St. Vincent and the Grenadines,Americas,1962-01-01,60.2,83239,1847.26741
St. Vincent and the Grenadines,Americas,1967-01-01,63.84,87779,1553.73957
St. Vincent and the Grenadines,Americas,1972-01-01,65.82,92511,2317.47421
St. Vincent and the Grenadines,Americas,1977-01-01,67.94,97708,2053.89783
St. Vincent and the Grenadines,Americas,1982-01-01,70.15,102255,2493.67809
St. Vincent and the Grenadines,Americas,1987-01-01,70.89,105905,2952.76828
St. Vincent and the Grenadines,Americas,1992-01-01,71.47,107941,3754.79473
St. Vincent and the Grenadines,Americas,1997-01-01,70.88,107895,4369.59715
St. Vincent and the Grenadines,Americas,2002-01-01,71.69,108095,5125.02392
St. Vincent and the Grenadines,Americas,2007-01-01,72.78,108516,6531.13697
St. Vincent and the Grenadines,Americas,2012-01-01,72.55,108435,6342.46537
St. Vincent and the Grenadines,Americas,2017-01-01,72.29,109826,6730.89902
Venezuela,Americas,1962-01-01,61.87,8742780,12992.82695
Venezuela,Americas,1967-01-01,64.78,10359741,13766.11097
Venezuela,Americas,1972-01-01,66.31,12097696,14107.19035
Venezuela,Americas,1977-01-01,68.47,13964377,15739.38039
Venezuela,Americas,1982-01-01,69.97,16017570,13197.38638
Venezuela,Americas,1987-01-01,71.62,18232733,12511.19014
Venezuela,Americas,1992-01-01,72.57,20557694,13302.58874
Venezuela,Americas,1997-01-01,73.71,22837743,12939.58332
Venezuela,Americas,2002-01-01,74.04,25100407,10848.81672
Venezuela,Americas,2007-01-01,75,27247601,14374.37437
Venezuela,Americas,2012-01-01,75.16,29360827,14735.09354
Venezuela,Americas,2017-01-01,75.29,29402480,NA
South Africa,Africa,1962-01-01,54.2,17965733,4852.783
South Africa,Africa,1967-01-01,56.53,20406863,5882.84942
South Africa,Africa,1972-01-01,58.57,23281517,6274.51225
South Africa,Africa,1977-01-01,59.82,26480915,6359.01708
South Africa,Africa,1982-01-01,61.12,30150448,6682.46942
South Africa,Africa,1987-01-01,63.64,34297727,6113.40043
South Africa,Africa,1992-01-01,65.07,38672611,5585.75713
South Africa,Africa,1997-01-01,60.78,42987456,5792.12682
South Africa,Africa,2002-01-01,53.78,46150913,6161.46631
South Africa,Africa,2007-01-01,52.61,49119766,7299.02004
South Africa,Africa,2012-01-01,59.51,52832659,7500.04107
South Africa,Africa,2017-01-01,66.31,57009751,7476.38632
Zambia,Africa,1962-01-01,50.11,3260645,1392.22011
Zambia,Africa,1967-01-01,52.36,3797877,1646.59833
Zambia,Africa,1972-01-01,54.86,4466170,1614.03172
Zambia,Africa,1977-01-01,56.29,5287544,1423.65218
Zambia,Africa,1982-01-01,55.73,6265869,1245.46111
Zambia,Africa,1987-01-01,53.38,7372835,1086.78595
Zambia,Africa,1992-01-01,48.37,8451346,975.00091
Zambia,Africa,1997-01-01,45.54,9597610,950.63807
Zambia,Africa,2002-01-01,47,10971704,991.31002
Zambia,Africa,2007-01-01,51.48,12502958,1248.41842
Zambia,Africa,2012-01-01,58.83,14465148,1591.31956
Zambia,Africa,2017-01-01,63.2,16853608,1660.76114
Zimbabwe,Africa,1962-01-01,54.03,4039209,1002.97673
Zimbabwe,Africa,1967-01-01,55.84,4779825,1027.85177
Zimbabwe,Africa,1972-01-01,57.59,5673914,1435.56015
Zimbabwe,Africa,1977-01-01,57.64,6712825,1218.15696
Zimbabwe,Africa,1982-01-01,61.04,7958239,1364.61182
Zimbabwe,Africa,1987-01-01,62.78,9527202,1254.51764
Zimbabwe,Africa,1992-01-01,57.6,10900511,1274.43631
Zimbabwe,Africa,1997-01-01,49.64,11653254,1493.522
Zimbabwe,Africa,2002-01-01,45.61,11954293,1331.01303
Zimbabwe,Africa,2007-01-01,45.92,12255920,890.18045
Zimbabwe,Africa,2012-01-01,54.88,13115149,1223.20343
Zimbabwe,Africa,2017-01-01,61.35,14236599,1263.32132
